10000,围网
10001,围网
10002,围网
10003,围网
10004,围网
10005,围网
10006,围网
10007,围网
10008,围网
10009,围网
10010,围网
10011,围网
10012,围网
10013,围网
10014,围网
10015,围网
10016,围网
10017,围网
10018,围网
10019,围网
10020,围网
10021,围网
10022,围网
10023,围网
10024,围网
10025,围网
10026,围网
10027,围网
10028,围网
10029,围网
10030,围网
10031,围网
10032,围网
10033,围网
10034,围网
10035,围网
10036,围网
10037,围网
10038,围网
10039,围网
10040,围网
10041,围网
10042,围网
10043,围网
10044,围网
10045,围网
10046,围网
10047,围网
10048,围网
10049,围网
10050,围网
10051,围网
10052,围网
10053,围网
10054,围网
10055,围网
10056,围网
10057,围网
10058,围网
10059,围网
10060,围网
10061,围网
10062,围网
10063,围网
10064,围网
10065,围网
10066,围网
10067,围网
10068,围网
10069,围网
10070,围网
10071,围网
10072,围网
10073,围网
10074,围网
10075,围网
10076,围网
10077,围网
10078,围网
10079,围网
10080,围网
10081,围网
10082,围网
10083,围网
10084,围网
10085,围网
10086,围网
10087,围网
10088,围网
10089,围网
10090,围网
10091,围网
10092,围网
10093,围网
10094,围网
10095,围网
10096,围网
10097,围网
10098,围网
10099,围网
10100,围网
10101,围网
10102,围网
10103,围网
10104,围网
10105,围网
10106,围网
10107,围网
10108,围网
10109,围网
10110,围网
10111,围网
10112,围网
10113,围网
10114,围网
10115,围网
10116,围网
10117,拖网
10118,围网
10119,围网
10120,围网
10121,围网
10122,围网
10123,围网
10124,围网
10125,围网
10126,围网
10127,围网
10128,围网
10129,围网
10130,围网
10131,围网
10132,围网
10133,围网
10134,围网
10135,围网
10136,围网
10137,围网
10138,围网
10139,围网
10140,围网
10141,围网
10142,围网
10143,围网
10144,围网
10145,围网
10146,围网
10147,围网
10148,围网
10149,围网
10150,围网
10151,围网
10152,围网
10153,围网
10154,围网
10155,围网
10156,围网
10157,围网
10158,围网
10159,围网
10160,围网
10161,围网
10162,围网
10163,围网
10164,围网
10165,围网
10166,围网
10167,围网
10168,围网
10169,围网
10170,围网
10171,围网
10172,围网
10173,围网
10174,围网
10175,围网
10176,围网
10177,围网
10178,围网
10179,围网
10180,围网
10181,围网
10182,围网
10183,围网
10184,围网
10185,围网
10186,围网
10187,围网
10188,围网
10189,围网
10190,围网
10191,围网
10192,围网
10193,围网
10194,围网
10195,围网
10196,围网
10197,围网
10198,围网
10199,围网
10200,围网
10201,围网
10202,围网
10203,围网
10204,围网
10205,围网
10206,围网
10207,围网
10208,围网
10209,围网
10210,围网
10211,围网
10212,围网
10213,围网
10214,围网
10215,围网
10216,围网
10217,围网
10218,围网
10219,围网
10220,围网
10221,围网
10222,围网
10223,围网
10224,围网
10225,围网
10226,围网
10227,围网
10228,围网
10229,围网
10230,围网
10231,围网
10232,围网
10233,围网
10234,围网
10235,围网
10236,围网
10237,围网
10238,围网
10239,围网
10240,围网
10241,围网
10242,围网
10243,围网
10244,围网
10245,围网
10246,围网
10247,围网
10248,围网
10249,围网
10250,围网
10251,围网
10252,围网
10253,围网
10254,围网
10255,围网
10256,围网
10257,围网
10258,围网
10259,围网
10260,围网
10261,围网
10262,围网
10263,围网
10264,围网
10265,围网
10266,围网
10267,围网
10268,围网
10269,围网
10270,围网
10271,围网
10272,围网
10273,围网
10274,围网
10275,围网
10276,围网
10277,围网
10278,围网
10279,围网
10280,围网
10281,围网
10282,围网
10283,围网
10284,围网
10285,围网
10286,围网
10287,围网
10288,围网
10289,围网
10290,围网
10291,围网
10292,围网
10293,围网
10294,围网
10295,围网
10296,围网
10297,围网
10298,围网
10299,围网
10300,围网
10301,围网
10302,围网
10303,围网
10304,围网
10305,围网
10306,围网
10307,拖网
10308,围网
10309,围网
10310,围网
10311,围网
10312,围网
10313,围网
10314,围网
10315,拖网
10316,围网
10317,围网
10318,围网
10319,围网
10320,围网
10321,围网
10322,围网
10323,围网
10324,围网
10325,围网
10326,围网
10327,围网
10328,围网
10329,围网
10330,围网
10331,围网
10332,围网
10333,围网
10334,围网
10335,围网
10336,围网
10337,围网
10338,围网
10339,围网
10340,围网
10341,围网
10342,围网
10343,围网
10344,围网
10345,围网
10346,围网
10347,围网
10348,围网
10349,围网
10350,围网
10351,围网
10352,围网
10353,围网
10354,围网
10355,围网
10356,围网
10357,围网
10358,围网
10359,围网
10360,围网
10361,围网
10362,围网
10363,围网
10364,围网
10365,围网
10366,拖网
10367,围网
10368,围网
10369,围网
10370,围网
10371,围网
10372,围网
10373,围网
10374,拖网
10375,围网
10376,围网
10377,围网
10378,围网
10379,围网
10380,围网
10381,围网
10382,围网
10383,围网
10384,围网
10385,围网
10386,围网
10387,围网
10388,围网
10389,围网
10390,围网
10391,围网
10392,围网
10393,围网
10394,围网
10395,围网
10396,围网
10397,围网
10398,围网
10399,围网
10400,围网
10401,围网
10402,围网
10403,围网
10404,围网
10405,围网
10406,围网
10407,围网
10408,围网
10409,围网
10410,围网
10411,围网
10412,拖网
10413,围网
10414,围网
10415,围网
10416,围网
10417,围网
10418,围网
10419,围网
10420,围网
10421,围网
10422,围网
10423,围网
10424,围网
10425,围网
10426,围网
10427,围网
10428,围网
10429,围网
10430,围网
10431,围网
10432,围网
10433,围网
10434,围网
10435,围网
10436,围网
10437,围网
10438,围网
10439,围网
10440,围网
10441,围网
10442,围网
10443,围网
10444,围网
10445,围网
10446,围网
10447,围网
10448,围网
10449,围网
10450,围网
10451,围网
10452,围网
10453,围网
10454,围网
10455,围网
10456,围网
10457,围网
10458,围网
10459,围网
10460,围网
10461,围网
10462,围网
10463,围网
10464,围网
10465,围网
10466,围网
10467,围网
10468,围网
10469,围网
10470,围网
10471,围网
10472,围网
10473,围网
10474,围网
10475,围网
10476,围网
10477,围网
10478,围网
10479,围网
10480,围网
10481,围网
10482,围网
10483,围网
10484,围网
10485,围网
10486,围网
10487,围网
10488,围网
10489,围网
10490,围网
10491,围网
10492,围网
10493,围网
10494,围网
10495,围网
10496,围网
10497,围网
10498,围网
10499,围网
10500,围网
10501,围网
10502,围网
10503,围网
10504,围网
10505,围网
10506,围网
10507,围网
10508,围网
10509,围网
10510,围网
10511,围网
10512,围网
10513,围网
10514,围网
10515,围网
10516,围网
10517,围网
10518,围网
10519,围网
10520,围网
10521,围网
10522,围网
10523,围网
10524,围网
10525,围网
10526,围网
10527,围网
10528,围网
10529,围网
10530,围网
10531,围网
10532,围网
10533,围网
10534,围网
10535,围网
10536,围网
10537,围网
10538,围网
10539,围网
10540,围网
10541,围网
10542,围网
10543,围网
10544,围网
10545,围网
10546,围网
10547,围网
10548,围网
10549,围网
10550,围网
10551,围网
10552,围网
10553,围网
10554,围网
10555,围网
10556,拖网
10557,围网
10558,围网
10559,围网
10560,围网
10561,围网
10562,围网
10563,围网
10564,围网
10565,围网
10566,围网
10567,围网
10568,围网
10569,围网
10570,围网
10571,围网
10572,围网
10573,围网
10574,围网
10575,围网
10576,围网
10577,围网
10578,围网
10579,围网
10580,围网
10581,围网
10582,围网
10583,围网
10584,围网
10585,围网
10586,围网
10587,围网
10588,围网
10589,围网
10590,围网
10591,围网
10592,围网
10593,围网
10594,围网
10595,围网
10596,围网
10597,围网
10598,围网
10599,围网
10600,围网
10601,围网
10602,围网
10603,围网
10604,围网
10605,围网
10606,围网
10607,围网
10608,围网
10609,围网
10610,围网
10611,围网
10612,围网
10613,围网
10614,围网
10615,围网
10616,围网
10617,围网
10618,围网
10619,围网
10620,围网
10621,围网
10622,围网
10623,围网
10624,围网
10625,围网
10626,围网
10627,围网
10628,围网
10629,围网
10630,围网
10631,围网
10632,围网
10633,围网
10634,围网
10635,围网
10636,围网
10637,围网
10638,围网
10639,围网
10640,围网
10641,围网
10642,围网
10643,围网
10644,围网
10645,围网
10646,围网
10647,围网
10648,围网
10649,围网
10650,围网
10651,围网
10652,围网
10653,围网
10654,围网
10655,围网
10656,围网
10657,围网
10658,围网
10659,围网
10660,围网
10661,围网
10662,围网
10663,围网
10664,围网
10665,围网
10666,围网
10667,围网
10668,围网
10669,围网
10670,围网
10671,围网
10672,围网
10673,围网
10674,围网
10675,围网
10676,围网
10677,围网
10678,围网
10679,围网
10680,围网
10681,围网
10682,围网
10683,围网
10684,围网
10685,围网
10686,围网
10687,围网
10688,围网
10689,围网
10690,围网
10691,围网
10692,围网
10693,围网
10694,围网
10695,围网
10696,围网
10697,围网
10698,围网
10699,围网
10700,围网
10701,围网
10702,围网
10703,围网
10704,围网
10705,围网
10706,围网
10707,围网
10708,围网
10709,围网
10710,围网
10711,围网
10712,围网
10713,围网
10714,围网
10715,围网
10716,围网
10717,围网
10718,围网
10719,围网
10720,围网
10721,围网
10722,围网
10723,围网
10724,围网
10725,围网
10726,围网
10727,围网
10728,围网
10729,围网
10730,围网
10731,围网
10732,围网
10733,围网
10734,围网
10735,围网
10736,围网
10737,围网
10738,围网
10739,围网
10740,围网
10741,围网
10742,围网
10743,围网
10744,围网
10745,围网
10746,围网
10747,围网
10748,围网
10749,围网
10750,围网
10751,围网
10752,围网
10753,围网
10754,围网
10755,围网
10756,围网
10757,围网
10758,围网
10759,围网
10760,围网
10761,围网
10762,围网
10763,围网
10764,围网
10765,围网
10766,围网
10767,围网
10768,围网
10769,围网
10770,围网
10771,围网
10772,围网
10773,围网
10774,围网
10775,围网
10776,围网
10777,围网
10778,围网
10779,围网
10780,围网
10781,围网
10782,围网
10783,围网
10784,围网
10785,围网
10786,围网
10787,围网
10788,围网
10789,拖网
10790,围网
10791,围网
10792,围网
10793,围网
10794,围网
10795,围网
10796,围网
10797,围网
10798,围网
10799,围网
10800,围网
10801,围网
10802,围网
10803,围网
10804,围网
10805,围网
10806,围网
10807,围网
10808,围网
10809,围网
10810,围网
10811,围网
10812,围网
10813,拖网
10814,围网
10815,围网
10816,围网
10817,围网
10818,围网
10819,围网
10820,围网
10821,围网
10822,围网
10823,围网
10824,围网
10825,围网
10826,围网
10827,围网
10828,围网
10829,围网
10830,围网
10831,围网
10832,围网
10833,围网
10834,围网
10835,围网
10836,围网
10837,围网
10838,围网
10839,围网
10840,围网
10841,围网
10842,围网
10843,围网
10844,围网
10845,围网
10846,围网
10847,围网
10848,围网
10849,围网
10850,围网
10851,围网
10852,围网
10853,围网
10854,围网
10855,围网
10856,围网
10857,围网
10858,围网
10859,围网
10860,围网
10861,围网
10862,围网
10863,围网
10864,围网
10865,围网
10866,围网
10867,围网
10868,围网
10869,围网
10870,围网
10871,围网
10872,围网
10873,围网
10874,围网
10875,围网
10876,围网
10877,围网
10878,围网
10879,围网
10880,围网
10881,围网
10882,围网
10883,围网
10884,围网
10885,围网
10886,围网
10887,围网
10888,围网
10889,围网
10890,围网
10891,围网
10892,围网
10893,围网
10894,围网
10895,围网
10896,围网
10897,围网
10898,围网
10899,围网
10900,围网
10901,围网
10902,围网
10903,围网
10904,围网
10905,围网
10906,围网
10907,围网
10908,围网
10909,围网
10910,围网
10911,围网
10912,围网
10913,围网
10914,围网
10915,围网
10916,围网
10917,围网
10918,围网
10919,围网
10920,围网
10921,围网
10922,围网
10923,围网
10924,围网
10925,围网
10926,围网
10927,围网
10928,围网
10929,围网
10930,围网
10931,围网
10932,围网
10933,围网
10934,围网
10935,围网
10936,围网
10937,围网
10938,围网
10939,围网
10940,围网
10941,围网
10942,围网
10943,围网
10944,围网
10945,围网
10946,围网
10947,围网
10948,围网
10949,围网
10950,围网
10951,围网
10952,围网
10953,围网
10954,围网
10955,围网
10956,围网
10957,围网
10958,围网
10959,围网
10960,围网
10961,围网
10962,围网
10963,围网
10964,围网
10965,围网
10966,围网
10967,围网
10968,围网
10969,围网
10970,围网
10971,围网
10972,围网
10973,围网
10974,围网
10975,围网
10976,围网
10977,围网
10978,围网
10979,围网
10980,围网
10981,围网
10982,围网
10983,围网
10984,围网
10985,围网
10986,围网
10987,围网
10988,围网
10989,围网
10990,围网
10991,围网
10992,围网
10993,围网
10994,围网
10995,围网
10996,围网
10997,围网
10998,围网
10999,拖网
9000,围网
9001,围网
9002,围网
9003,围网
9004,围网
9005,围网
9006,围网
9007,围网
9008,围网
9009,围网
9010,围网
9011,围网
9012,围网
9013,围网
9014,围网
9015,围网
9016,围网
9017,围网
9018,围网
9019,围网
9020,围网
9021,围网
9022,围网
9023,围网
9024,围网
9025,围网
9026,围网
9027,围网
9028,围网
9029,围网
9030,围网
9031,围网
9032,围网
9033,围网
9034,围网
9035,围网
9036,围网
9037,围网
9038,围网
9039,围网
9040,围网
9041,围网
9042,围网
9043,围网
9044,围网
9045,围网
9046,围网
9047,围网
9048,围网
9049,围网
9050,围网
9051,围网
9052,围网
9053,围网
9054,围网
9055,围网
9056,围网
9057,围网
9058,围网
9059,围网
9060,围网
9061,围网
9062,围网
9063,围网
9064,围网
9065,围网
9066,围网
9067,围网
9068,围网
9069,围网
9070,围网
9071,围网
9072,围网
9073,围网
9074,围网
9075,围网
9076,围网
9077,围网
9078,围网
9079,围网
9080,围网
9081,围网
9082,围网
9083,围网
9084,围网
9085,围网
9086,围网
9087,围网
9088,围网
9089,围网
9090,围网
9091,围网
9092,围网
9093,围网
9094,围网
9095,围网
9096,围网
9097,围网
9098,围网
9099,围网
9100,围网
9101,围网
9102,围网
9103,围网
9104,围网
9105,围网
9106,围网
9107,围网
9108,围网
9109,拖网
9110,围网
9111,围网
9112,围网
9113,围网
9114,围网
9115,围网
9116,围网
9117,围网
9118,围网
9119,围网
9120,围网
9121,围网
9122,围网
9123,围网
9124,围网
9125,围网
9126,围网
9127,围网
9128,围网
9129,围网
9130,围网
9131,围网
9132,围网
9133,围网
9134,围网
9135,围网
9136,围网
9137,围网
9138,围网
9139,围网
9140,围网
9141,围网
9142,围网
9143,围网
9144,围网
9145,围网
9146,围网
9147,围网
9148,围网
9149,围网
9150,围网
9151,围网
9152,围网
9153,围网
9154,围网
9155,围网
9156,围网
9157,围网
9158,围网
9159,围网
9160,围网
9161,拖网
9162,围网
9163,围网
9164,围网
9165,围网
9166,围网
9167,围网
9168,围网
9169,围网
9170,围网
9171,围网
9172,围网
9173,围网
9174,围网
9175,围网
9176,围网
9177,围网
9178,围网
9179,围网
9180,围网
9181,围网
9182,围网
9183,围网
9184,围网
9185,围网
9186,围网
9187,围网
9188,围网
9189,围网
9190,围网
9191,围网
9192,围网
9193,围网
9194,围网
9195,围网
9196,围网
9197,围网
9198,围网
9199,围网
9200,围网
9201,围网
9202,围网
9203,围网
9204,围网
9205,围网
9206,围网
9207,围网
9208,围网
9209,围网
9210,围网
9211,围网
9212,围网
9213,围网
9214,围网
9215,围网
9216,围网
9217,围网
9218,围网
9219,围网
9220,围网
9221,围网
9222,围网
9223,围网
9224,围网
9225,围网
9226,围网
9227,围网
9228,围网
9229,围网
9230,围网
9231,围网
9232,围网
9233,围网
9234,围网
9235,围网
9236,拖网
9237,围网
9238,围网
9239,围网
9240,围网
9241,围网
9242,围网
9243,围网
9244,围网
9245,围网
9246,围网
9247,围网
9248,围网
9249,围网
9250,围网
9251,围网
9252,围网
9253,围网
9254,围网
9255,围网
9256,围网
9257,围网
9258,围网
9259,围网
9260,围网
9261,围网
9262,围网
9263,围网
9264,围网
9265,围网
9266,围网
9267,围网
9268,围网
9269,围网
9270,围网
9271,围网
9272,围网
9273,围网
9274,围网
9275,围网
9276,围网
9277,围网
9278,围网
9279,围网
9280,围网
9281,围网
9282,围网
9283,围网
9284,围网
9285,围网
9286,围网
9287,围网
9288,围网
9289,围网
9290,围网
9291,围网
9292,围网
9293,围网
9294,围网
9295,围网
9296,围网
9297,围网
9298,围网
9299,围网
9300,围网
9301,围网
9302,围网
9303,围网
9304,围网
9305,围网
9306,围网
9307,围网
9308,围网
9309,围网
9310,围网
9311,围网
9312,围网
9313,围网
9314,围网
9315,围网
9316,围网
9317,围网
9318,围网
9319,围网
9320,围网
9321,围网
9322,围网
9323,围网
9324,围网
9325,围网
9326,围网
9327,围网
9328,围网
9329,围网
9330,围网
9331,围网
9332,围网
9333,围网
9334,围网
9335,围网
9336,围网
9337,围网
9338,围网
9339,围网
9340,围网
9341,围网
9342,围网
9343,围网
9344,围网
9345,围网
9346,围网
9347,围网
9348,围网
9349,围网
9350,围网
9351,围网
9352,围网
9353,围网
9354,围网
9355,围网
9356,围网
9357,围网
9358,围网
9359,围网
9360,围网
9361,围网
9362,围网
9363,围网
9364,围网
9365,围网
9366,围网
9367,围网
9368,围网
9369,围网
9370,围网
9371,围网
9372,围网
9373,围网
9374,围网
9375,围网
9376,围网
9377,拖网
9378,围网
9379,围网
9380,围网
9381,围网
9382,围网
9383,围网
9384,围网
9385,围网
9386,围网
9387,围网
9388,围网
9389,围网
9390,围网
9391,围网
9392,围网
9393,围网
9394,围网
9395,围网
9396,围网
9397,围网
9398,围网
9399,围网
9400,围网
9401,围网
9402,围网
9403,围网
9404,围网
9405,围网
9406,围网
9407,围网
9408,围网
9409,围网
9410,围网
9411,围网
9412,围网
9413,围网
9414,围网
9415,围网
9416,围网
9417,围网
9418,围网
9419,围网
9420,围网
9421,围网
9422,围网
9423,围网
9424,围网
9425,围网
9426,围网
9427,围网
9428,围网
9429,围网
9430,围网
9431,围网
9432,围网
9433,围网
9434,围网
9435,围网
9436,围网
9437,围网
9438,围网
9439,围网
9440,围网
9441,围网
9442,围网
9443,围网
9444,围网
9445,围网
9446,围网
9447,围网
9448,围网
9449,围网
9450,围网
9451,围网
9452,围网
9453,围网
9454,围网
9455,围网
9456,围网
9457,围网
9458,围网
9459,围网
9460,围网
9461,围网
9462,围网
9463,围网
9464,围网
9465,围网
9466,围网
9467,围网
9468,围网
9469,围网
9470,围网
9471,围网
9472,围网
9473,围网
9474,围网
9475,围网
9476,围网
9477,围网
9478,围网
9479,围网
9480,围网
9481,围网
9482,围网
9483,围网
9484,围网
9485,围网
9486,围网
9487,围网
9488,围网
9489,围网
9490,围网
9491,围网
9492,围网
9493,围网
9494,围网
9495,围网
9496,围网
9497,围网
9498,围网
9499,围网
9500,围网
9501,围网
9502,围网
9503,围网
9504,围网
9505,围网
9506,围网
9507,围网
9508,围网
9509,围网
9510,围网
9511,围网
9512,围网
9513,围网
9514,拖网
9515,围网
9516,围网
9517,围网
9518,围网
9519,围网
9520,围网
9521,围网
9522,拖网
9523,围网
9524,围网
9525,围网
9526,围网
9527,围网
9528,围网
9529,围网
9530,围网
9531,围网
9532,围网
9533,围网
9534,围网
9535,围网
9536,围网
9537,围网
9538,围网
9539,围网
9540,围网
9541,围网
9542,围网
9543,围网
9544,围网
9545,围网
9546,围网
9547,围网
9548,围网
9549,围网
9550,围网
9551,围网
9552,围网
9553,拖网
9554,围网
9555,围网
9556,围网
9557,围网
9558,围网
9559,围网
9560,围网
9561,围网
9562,围网
9563,围网
9564,围网
9565,围网
9566,围网
9567,围网
9568,围网
9569,围网
9570,围网
9571,围网
9572,围网
9573,拖网
9574,围网
9575,围网
9576,围网
9577,围网
9578,围网
9579,围网
9580,围网
9581,围网
9582,围网
9583,围网
9584,围网
9585,围网
9586,围网
9587,围网
9588,围网
9589,围网
9590,围网
9591,围网
9592,围网
9593,围网
9594,围网
9595,围网
9596,围网
9597,围网
9598,围网
9599,围网
9600,围网
9601,围网
9602,围网
9603,围网
9604,围网
9605,围网
9606,围网
9607,围网
9608,围网
9609,围网
9610,围网
9611,围网
9612,围网
9613,围网
9614,围网
9615,围网
9616,围网
9617,围网
9618,围网
9619,围网
9620,围网
9621,围网
9622,围网
9623,围网
9624,围网
9625,围网
9626,围网
9627,围网
9628,围网
9629,围网
9630,围网
9631,围网
9632,围网
9633,围网
9634,围网
9635,围网
9636,围网
9637,围网
9638,围网
9639,围网
9640,围网
9641,围网
9642,围网
9643,围网
9644,围网
9645,围网
9646,围网
9647,围网
9648,围网
9649,围网
9650,围网
9651,围网
9652,围网
9653,围网
9654,围网
9655,围网
9656,围网
9657,围网
9658,围网
9659,围网
9660,围网
9661,围网
9662,围网
9663,围网
9664,围网
9665,围网
9666,围网
9667,围网
9668,围网
9669,围网
9670,围网
9671,围网
9672,围网
9673,围网
9674,围网
9675,围网
9676,围网
9677,围网
9678,围网
9679,围网
9680,围网
9681,围网
9682,围网
9683,围网
9684,围网
9685,围网
9686,围网
9687,围网
9688,拖网
9689,围网
9690,围网
9691,围网
9692,围网
9693,围网
9694,围网
9695,围网
9696,围网
9697,围网
9698,围网
9699,围网
9700,围网
9701,围网
9702,围网
9703,围网
9704,围网
9705,围网
9706,围网
9707,围网
9708,围网
9709,围网
9710,围网
9711,围网
9712,围网
9713,围网
9714,围网
9715,围网
9716,围网
9717,围网
9718,围网
9719,围网
9720,围网
9721,围网
9722,围网
9723,围网
9724,围网
9725,围网
9726,围网
9727,围网
9728,围网
9729,围网
9730,围网
9731,围网
9732,围网
9733,围网
9734,围网
9735,围网
9736,围网
9737,围网
9738,围网
9739,围网
9740,围网
9741,围网
9742,围网
9743,围网
9744,围网
9745,围网
9746,围网
9747,围网
9748,围网
9749,围网
9750,围网
9751,围网
9752,围网
9753,围网
9754,围网
9755,围网
9756,围网
9757,围网
9758,围网
9759,围网
9760,围网
9761,围网
9762,围网
9763,围网
9764,围网
9765,围网
9766,围网
9767,围网
9768,围网
9769,围网
9770,围网
9771,围网
9772,围网
9773,围网
9774,围网
9775,围网
9776,围网
9777,围网
9778,围网
9779,围网
9780,围网
9781,围网
9782,围网
9783,围网
9784,围网
9785,围网
9786,围网
9787,围网
9788,围网
9789,围网
9790,围网
9791,围网
9792,围网
9793,围网
9794,围网
9795,围网
9796,围网
9797,围网
9798,围网
9799,围网
9800,围网
9801,围网
9802,围网
9803,围网
9804,围网
9805,围网
9806,围网
9807,围网
9808,围网
9809,围网
9810,围网
9811,围网
9812,拖网
9813,围网
9814,围网
9815,围网
9816,围网
9817,围网
9818,围网
9819,围网
9820,围网
9821,围网
9822,围网
9823,围网
9824,围网
9825,围网
9826,围网
9827,围网
9828,围网
9829,围网
9830,围网
9831,围网
9832,围网
9833,拖网
9834,围网
9835,围网
9836,围网
9837,围网
9838,围网
9839,围网
9840,围网
9841,围网
9842,围网
9843,围网
9844,围网
9845,围网
9846,围网
9847,围网
9848,围网
9849,围网
9850,围网
9851,围网
9852,围网
9853,围网
9854,围网
9855,围网
9856,围网
9857,围网
9858,围网
9859,围网
9860,围网
9861,围网
9862,围网
9863,围网
9864,围网
9865,围网
9866,围网
9867,围网
9868,围网
9869,围网
9870,围网
9871,围网
9872,围网
9873,围网
9874,围网
9875,围网
9876,围网
9877,围网
9878,围网
9879,围网
9880,围网
9881,围网
9882,围网
9883,围网
9884,围网
9885,围网
9886,围网
9887,围网
9888,围网
9889,围网
9890,围网
9891,围网
9892,围网
9893,围网
9894,围网
9895,围网
9896,围网
9897,围网
9898,围网
9899,围网
9900,围网
9901,围网
9902,围网
9903,围网
9904,围网
9905,围网
9906,围网
9907,围网
9908,围网
9909,围网
9910,围网
9911,围网
9912,围网
9913,围网
9914,围网
9915,围网
9916,围网
9917,围网
9918,围网
9919,围网
9920,围网
9921,围网
9922,围网
9923,围网
9924,围网
9925,围网
9926,围网
9927,围网
9928,围网
9929,围网
9930,围网
9931,围网
9932,围网
9933,围网
9934,围网
9935,围网
9936,围网
9937,围网
9938,围网
9939,围网
9940,围网
9941,围网
9942,围网
9943,围网
9944,围网
9945,围网
9946,围网
9947,围网
9948,围网
9949,围网
9950,围网
9951,围网
9952,围网
9953,围网
9954,围网
9955,围网
9956,围网
9957,围网
9958,围网
9959,围网
9960,围网
9961,围网
9962,围网
9963,围网
9964,围网
9965,围网
9966,围网
9967,围网
9968,围网
9969,围网
9970,围网
9971,围网
9972,围网
9973,围网
9974,围网
9975,围网
9976,围网
9977,围网
9978,围网
9979,围网
9980,围网
9981,围网
9982,围网
9983,围网
9984,围网
9985,围网
9986,围网
9987,围网
9988,围网
9989,围网
9990,围网
9991,围网
9992,围网
9993,围网
9994,围网
9995,围网
9996,围网
9997,围网
9998,围网
9999,围网
